customer_Id,first_name,second_name,phone_number,email,address
CustId4534,Seid,Ahmed,+251 911223344,sid@gmail.com,degan
CustId2678,Abebe,Ayele,+251 999999999,abebe@gmail.com,Harbu
CustId2919,Endris,Mohammed,+251 987654321,abcd@gmail.com,Addis Ababa
CustId9186,Endris,Mohammed,+251 988776655,idris@gmail.com,Addis Ababa
CustId7349,Kedir,Ahmed,+251 988778877,kedir@gmail.com,desie
CustId8722,abbb,s,+251 999999999,oikj@gmail.com,gerba
CustId5444,Abdi,Adem,+251 987654567,abdi@gmail.com,degan
CustId4512,Abdu,Seid,+251 987788778,abse@outlook.com,degan

